	subjects	classes	status	B0	Dice	HD95
0	sub_1	3rd-A2	without_pp			
1	sub_2	3rd-A2	without_pp			
2	sub_3	3rd-A2	without_pp			
3	sub_4	3rd-A2	without_pp			
4	sub_5	3rd-A2	without_pp			
5	sub_6	3rd-A2	without_pp			
6	sub_7	3rd-A2	without_pp			
7	sub_8	3rd-A2	without_pp			
8	sub_9	3rd-A2	without_pp			
9	sub_10	3rd-A2	without_pp			
10	sub_11	3rd-A2	without_pp			
11	sub_12	3rd-A2	without_pp	1.0	0.0	90.0
12	sub_13	3rd-A2	without_pp			
13	sub_14	3rd-A2	without_pp			
14	sub_15	3rd-A2	without_pp			
15	sub_16	3rd-A2	without_pp			
16	sub_17	3rd-A2	without_pp			
17	sub_18	3rd-A2	without_pp			
18	sub_19	3rd-A2	without_pp			
19	sub_20	3rd-A2	without_pp	0.0	0.8047808764940239	0.5
20	sub_1	Acom	without_pp	0.0	0.9087656529516995	0.3571434020996094
21	sub_2	Acom	without_pp	0.0	0.6010362694300518	0.7139284789562225
22	sub_3	Acom	without_pp	0.0	0.7381546134663342	1.129384160041809
23	sub_4	Acom	without_pp	0.0	0.6262135922330097	1.1293845176696777
24	sub_5	Acom	without_pp	0.0	0.6022845275181724	1.5150603890419005
25	sub_6	Acom	without_pp	1.0	0.0	90.0
26	sub_7	Acom	without_pp			
27	sub_8	Acom	without_pp	0.0	0.8308207705192631	0.3571434020996094
28	sub_9	Acom	without_pp	0.0	0.8086642599277979	0.5050767064094543
29	sub_10	Acom	without_pp	1.0	0.0	90.0
30	sub_11	Acom	without_pp	1.0	0.27777777777777773	0.9386904686689374
31	sub_12	Acom	without_pp	0.0	0.8473520249221184	0.3571434020996094
32	sub_13	Acom	without_pp	0.0	0.8582995951417004	0.5000033020973206
33	sub_14	Acom	without_pp	0.0	0.88	0.35714292526245117
34	sub_15	Acom	without_pp	0.0	0.3945578231292517	1.7995039582252497
35	sub_16	Acom	without_pp	0.0	0.8201058201058201	0.3571434020996094
36	sub_17	Acom	without_pp	0.0	0.8456375838926175	0.3571434020996094
37	sub_18	Acom	without_pp	0.0	0.6265060240963854	0.6433272600173947
38	sub_19	Acom	without_pp	0.0	0.2577777777777778	1.413401269912719
39	sub_20	Acom	without_pp	0.0	0.346938775510204	1.515228509902954
40	sub_1	BA	without_pp	0.0	0.9575389948006933	0.3571434020996094
41	sub_2	BA	without_pp	1.0	0.0	90.0
42	sub_3	BA	without_pp	0.0	0.9282550930026573	0.5000038146972656
43	sub_4	BA	without_pp	0.0	0.9472592592592592	0.3571434020996094
44	sub_5	BA	without_pp	0.0	0.9214137214137215	0.3571434020996094
45	sub_6	BA	without_pp	0.0	0.9331810394060537	0.3571434020996094
46	sub_7	BA	without_pp	0.0	0.8766233766233766	0.3571434020996094
47	sub_8	BA	without_pp	0.0	0.9103758432380341	0.8572360515594449
48	sub_9	BA	without_pp	0.0	0.9594298245614035	0.3571434020996094
49	sub_10	BA	without_pp	0.0	0.9404517453798769	0.3571434020996094
50	sub_11	BA	without_pp	0.0	0.9298352654057352	0.3571434020996094
51	sub_12	BA	without_pp	0.0	0.9144933732364258	0.9999933838844299
52	sub_13	BA	without_pp	0.0	0.9172826469552974	0.3571434020996094
53	sub_14	BA	without_pp	0.0	0.9600818833162743	0.3571434020996094
54	sub_15	BA	without_pp	0.0	0.93993993993994	0.3571434020996094
55	sub_16	BA	without_pp	0.0	0.8745519713261649	1.0000054836273193
56	sub_17	BA	without_pp	0.0	0.750620347394541	2.2300169467926025
57	sub_18	BA	without_pp	0.0	0.9185303514376997	0.4999990463256836
58	sub_19	BA	without_pp	0.0	0.9515418502202644	0.3571434020996094
59	sub_20	BA	without_pp	0.0	0.8427212874908558	1.2594086647033702
60	sub_1	ClsAvgB0err	without_pp	0.3333333333333333	0.7751204537552588	15.59618716885646
61	sub_2	ClsAvgB0err	without_pp	0.45454545454545453	0.4605655007004152	18.313524302027442
62	sub_3	ClsAvgB0err	without_pp	0.3333333333333333	0.8080386169809013	8.270356490214665
63	sub_4	ClsAvgB0err	without_pp	0.09090909090909091	0.8186953923599858	8.615658369931309
64	sub_5	ClsAvgB0err	without_pp	0.0	0.8050636695081645	1.2649642040332159
65	sub_6	ClsAvgB0err	without_pp	0.2727272727272727	0.8135898654783397	9.10625281008807
66	sub_7	ClsAvgB0err	without_pp	0.0	0.8699107432306826	0.4841292169358995
67	sub_8	ClsAvgB0err	without_pp	0.16666666666666666	0.8144063479155735	8.184732433160146
68	sub_9	ClsAvgB0err	without_pp	0.1	0.9237471012427676	1.1978262066841123
69	sub_10	ClsAvgB0err	without_pp	1.1818181818181819	0.685748332343384	17.707772890004247
70	sub_11	ClsAvgB0err	without_pp	0.16666666666666666	0.8287056165838167	0.9544385698934393
71	sub_12	ClsAvgB0err	without_pp	0.46153846153846156	0.7788983760905356	8.085316147254064
72	sub_13	ClsAvgB0err	without_pp	0.3333333333333333	0.8047789547143157	8.89284342924754
73	sub_14	ClsAvgB0err	without_pp	0.08333333333333333	0.9137952131074405	0.41472261150677997
74	sub_15	ClsAvgB0err	without_pp	0.45454545454545453	0.762362281829184	1.2256953583522265
75	sub_16	ClsAvgB0err	without_pp	0.08333333333333333	0.8475649343895114	0.8984150444467863
76	sub_17	ClsAvgB0err	without_pp	0.16666666666666666	0.8328530756052818	1.5550027862191194
77	sub_18	ClsAvgB0err	without_pp	0.2	0.8602793117899201	0.5956260481476785
78	sub_19	ClsAvgB0err	without_pp	0.09090909090909091	0.8397993781211066	0.5517404534599998
79	sub_20	ClsAvgB0err	without_pp	0.07692307692307693	0.8556222025787064	0.6855306613903779
80	sub_1	L-ACA	without_pp	0.0	0.8905516804058338	3.3873147487640227
81	sub_2	L-ACA	without_pp	0.0	0.7342527021990309	0.6144505739212036
82	sub_3	L-ACA	without_pp	1.0	0.9254755222949798	0.3571434020996094
83	sub_4	L-ACA	without_pp	0.0	0.9296024872307351	0.3571434020996094
84	sub_5	L-ACA	without_pp	0.0	0.8550479413423576	0.7142848968505859
85	sub_6	L-ACA	without_pp	0.0	0.8590547887913007	3.999990463256836
86	sub_7	L-ACA	without_pp	0.0	0.8372093023255813	0.5000057220458984
87	sub_8	L-ACA	without_pp	0.0	0.9281196089706729	0.35714292526245117
88	sub_9	L-ACA	without_pp	0.0	0.9318463444857498	0.3571434020996094
89	sub_10	L-ACA	without_pp	1.0	0.7981438515081206	5.771600055694579
90	sub_11	L-ACA	without_pp	0.0	0.9275818639798489	0.35714335441589357
91	sub_12	L-ACA	without_pp	2.0	0.6855123674911661	3.4024861097335766
92	sub_13	L-ACA	without_pp	0.0	0.9534029935046596	0.35714292526245117
93	sub_14	L-ACA	without_pp	0.0	0.9482532177567639	0.35714292526245117
94	sub_15	L-ACA	without_pp	2.0	0.7468354430379746	1.1271240711212158
95	sub_16	L-ACA	without_pp	0.0	0.8704839809134288	0.5000028610229492
96	sub_17	L-ACA	without_pp	0.0	0.9401122894572675	0.3571434020996094
97	sub_18	L-ACA	without_pp	1.0	0.8435544430538172	2.022142076492311
98	sub_19	L-ACA	without_pp	0.0	0.9048169556840077	0.5000004768371582
99	sub_20	L-ACA	without_pp	0.0	0.8942598187311178	0.7141059309244158
100	sub_1	L-ICA	without_pp	1.0	0.9448400102942438	0.3571434020996094
101	sub_2	L-ICA	without_pp	1.0	0.6452035563874591	1.8084222316741942
102	sub_3	L-ICA	without_pp	0.0	0.9540549560574035	0.3571434020996094
103	sub_4	L-ICA	without_pp	0.0	0.9405693176879618	0.4999990463256836
104	sub_5	L-ICA	without_pp	0.0	0.9231459330143541	0.3571434020996094
105	sub_6	L-ICA	without_pp	0.0	0.9543664581885568	0.3571434020996094
106	sub_7	L-ICA	without_pp	0.0	0.9321654863958255	0.3571434020996094
107	sub_8	L-ICA	without_pp	1.0	0.9218126320732567	0.3571434020996094
108	sub_9	L-ICA	without_pp	0.0	0.9651076466221232	0.35714292526245117
109	sub_10	L-ICA	without_pp	0.0	0.9530534351145038	0.3571434020996094
110	sub_11	L-ICA	without_pp	0.0	0.9541711977629329	0.3571434020996094
111	sub_12	L-ICA	without_pp	0.0	0.9105522426756547	0.3571434020996094
112	sub_13	L-ICA	without_pp	0.0	0.9570863918690006	0.3571434020996094
113	sub_14	L-ICA	without_pp	0.0	0.9513208667260316	0.3571434020996094
114	sub_15	L-ICA	without_pp	0.0	0.9283813210742802	0.3571434020996094
115	sub_16	L-ICA	without_pp	0.0	0.9041548630783758	0.3571434020996094
116	sub_17	L-ICA	without_pp	1.0	0.9540798711013926	0.3571434020996094
117	sub_18	L-ICA	without_pp	0.0	0.9103189493433396	0.3571434020996094
118	sub_19	L-ICA	without_pp	1.0	0.951268167569108	0.3571434020996094
119	sub_20	L-ICA	without_pp	0.0	0.9679588977113498	0.3571434020996094
120	sub_1	L-MCA	without_pp	0.0	0.893719806763285	0.6240757763385795
121	sub_2	L-MCA	without_pp	0.0	0.7465240641711229	0.7142829895019531
122	sub_3	L-MCA	without_pp	0.0	0.9087749782797567	0.5000038146972656
123	sub_4	L-MCA	without_pp	0.0	0.9293849658314352	0.3571434020996094
124	sub_5	L-MCA	without_pp	0.0	0.8355957767722474	0.5050763487815857
125	sub_6	L-MCA	without_pp	0.0	0.8220640569395018	0.7142868041992188
126	sub_7	L-MCA	without_pp	0.0	0.869179600886918	0.3571434020996094
127	sub_8	L-MCA	without_pp	0.0	0.8905109489051095	0.3571434020996094
128	sub_9	L-MCA	without_pp	0.0	0.9156010230179028	0.3571434020996094
129	sub_10	L-MCA	without_pp	0.0	0.8641221374045801	0.7107078433036804
130	sub_11	L-MCA	without_pp	0.0	0.9029275808936826	0.3571434020996094
131	sub_12	L-MCA	without_pp	0.0	0.8431372549019608	0.6035120964050268
132	sub_13	L-MCA	without_pp	0.0	0.8783382789317508	0.5050758242607116
133	sub_14	L-MCA	without_pp	0.0	0.8545727136431783	0.6144513487815857
134	sub_15	L-MCA	without_pp	0.0	0.873015873015873	0.5000019073486328
135	sub_16	L-MCA	without_pp	0.0	0.8680738786279684	0.5000028610229492
136	sub_17	L-MCA	without_pp	0.0	0.9203252032520326	0.3571434020996094
137	sub_18	L-MCA	without_pp	0.0	0.9060402684563758	0.3571434020996094
138	sub_19	L-MCA	without_pp	0.0	0.7678571428571428	0.7142868041992188
139	sub_20	L-MCA	without_pp	0.0	0.9269746646795828	0.3571434020996094
140	sub_1	L-PCA	without_pp	0.0	0.9561910128187069	0.3571434020996094
141	sub_2	L-PCA	without_pp	1.0	0.06388642413487133	9.023058748245239
142	sub_3	L-PCA	without_pp	2.0	0.6199078993978038	4.614882755279538
143	sub_4	L-PCA	without_pp	0.0	0.8901734104046243	0.5
144	sub_5	L-PCA	without_pp	0.0	0.848643006263048	0.7107062339782715
145	sub_6	L-PCA	without_pp	0.0	0.8843212237093689	0.7107051610946655
146	sub_7	L-PCA	without_pp	0.0	0.8763736263736264	0.5000057220458984
147	sub_8	L-PCA	without_pp	0.0	0.8656182987848463	3.6452637195587174
148	sub_9	L-PCA	without_pp	1.0	0.9044542672560353	8.468106746673582
149	sub_10	L-PCA	without_pp	0.0	0.9314017895185344	0.3571434020996094
150	sub_11	L-PCA	without_pp	0.0	0.921994884910486	0.3571434020996094
151	sub_12	L-PCA	without_pp	1.0	0.8646864686468647	4.087677955627441
152	sub_13	L-PCA	without_pp	0.0	0.849112426035503	0.5000028610229492
153	sub_14	L-PCA	without_pp	0.0	0.9080610021786493	0.3571434020996094
154	sub_15	L-PCA	without_pp	2.0	0.6267806267806268	1.8733445882797128
155	sub_16	L-PCA	without_pp	0.0	0.8786802030456853	0.5000023365020752
156	sub_17	L-PCA	without_pp	1.0	0.4420803782505911	7.065788841247554
157	sub_18	L-PCA	without_pp	0.0	0.9331919406150583	0.3571434020996094
158	sub_19	L-PCA	without_pp	0.0	0.9398859148749451	0.3571434020996094
159	sub_20	L-PCA	without_pp	0.0	0.92880978865406	0.3571434020996094
160	sub_1	L-Pcom	without_pp	1.0	0.0	90.0
161	sub_2	L-Pcom	without_pp			
162	sub_3	L-Pcom	without_pp	1.0	0.0	90.0
163	sub_4	L-Pcom	without_pp	1.0	0.0	90.0
164	sub_5	L-Pcom	without_pp	0.0	0.8317107093184979	0.8718988299369812
165	sub_6	L-Pcom	without_pp			
166	sub_7	L-Pcom	without_pp			
167	sub_8	L-Pcom	without_pp	0.0	0.8352490421455938	0.5000002384185791
168	sub_9	L-Pcom	without_pp			
169	sub_10	L-Pcom	without_pp			
170	sub_11	L-Pcom	without_pp	0.0	0.8812615955473098	0.4999961853027344
171	sub_12	L-Pcom	without_pp	1.0	0.8407871198568874	0.9999933242797852
172	sub_13	L-Pcom	without_pp	1.0	0.0	90.0
173	sub_14	L-Pcom	without_pp	0.0	0.9122588674548849	0.4999988079071045
174	sub_15	L-Pcom	without_pp	0.0	0.4592901878914405	5.382202458381652
175	sub_16	L-Pcom	without_pp	0.0	0.6845238095238096	5.012767314910889
176	sub_17	L-Pcom	without_pp	0.0	0.8488700564971751	1.2797470092773438
177	sub_18	L-Pcom	without_pp			
178	sub_19	L-Pcom	without_pp			
179	sub_20	L-Pcom	without_pp	0.0	0.8926108374384236	0.3571434020996094
180	sub_1	MergedBin	without_pp	1.0	0.9582253982432634	0.3571434020996094
181	sub_2	MergedBin	without_pp	3.0	0.6301707069085462	6.664687633514404
182	sub_3	MergedBin	without_pp	1.0	0.9159712381252296	2.2968621253967285
183	sub_4	MergedBin	without_pp	0.0	0.9498477755589747	0.3571434020996094
184	sub_5	MergedBin	without_pp	0.0	0.916600894501447	0.3571434020996094
185	sub_6	MergedBin	without_pp	1.0	0.9418604651162791	0.3571434020996094
186	sub_7	MergedBin	without_pp	0.0	0.9186983844964302	0.3571434020996094
187	sub_8	MergedBin	without_pp	1.0	0.9205466114955319	0.3571434020996094
188	sub_9	MergedBin	without_pp	1.0	0.9608620321363301	0.35714292526245117
189	sub_10	MergedBin	without_pp	9.0	0.9271783359057106	0.5000028610229492
190	sub_11	MergedBin	without_pp	0.0	0.9528223574986165	0.3571434020996094
191	sub_12	MergedBin	without_pp	3.0	0.9154072057875511	0.3571434020996094
192	sub_13	MergedBin	without_pp	2.0	0.9380578847714363	0.3571434020996094
193	sub_14	MergedBin	without_pp	1.0	0.9500367792678097	0.3571434020996094
194	sub_15	MergedBin	without_pp	3.0	0.9067230897604004	0.3571434020996094
195	sub_16	MergedBin	without_pp	1.0	0.9006052883083785	0.3571434020996094
196	sub_17	MergedBin	without_pp	2.0	0.9322065639777143	0.3571434020996094
197	sub_18	MergedBin	without_pp	1.0	0.9117047769979624	0.3571434020996094
198	sub_19	MergedBin	without_pp	1.0	0.9520042448507068	0.3571427285671234
199	sub_20	MergedBin	without_pp	1.0	0.9461218180458252	0.3571434020996094
200	sub_1	R-ACA	without_pp	0.0	0.9481458685951686	0.35714292526245117
201	sub_2	R-ACA	without_pp	0.0	0.6825775656324583	0.7985959470272064
202	sub_3	R-ACA	without_pp	0.0	0.9169530355097365	0.3571434020996094
203	sub_4	R-ACA	without_pp	0.0	0.9105082631743061	0.4999990463256836
204	sub_5	R-ACA	without_pp	0.0	0.8354278874925195	0.7142858028411865
205	sub_6	R-ACA	without_pp	2.0	0.8254356465912565	2.0528432726860046
206	sub_7	R-ACA	without_pp	0.0	0.8642917726887193	0.5000057220458984
207	sub_8	R-ACA	without_pp	0.0	0.8938928693278745	0.3571434020996094
208	sub_9	R-ACA	without_pp	0.0	0.94050822122571	0.35714292526245117
209	sub_10	R-ACA	without_pp	3.0	0.56	2.715932095050812
210	sub_11	R-ACA	without_pp	0.0	0.9387392719739568	0.35714292526245117
211	sub_12	R-ACA	without_pp	0.0	0.9034034034034034	0.3571434020996094
212	sub_13	R-ACA	without_pp	3.0	0.8547008547008548	9.481200885772706
213	sub_14	R-ACA	without_pp	0.0	0.9321352565618349	0.35714292526245117
214	sub_15	R-ACA	without_pp	0.0	0.8471794871794872	0.5000009536743164
215	sub_16	R-ACA	without_pp	0.0	0.8788215675375209	0.5000028610229492
216	sub_17	R-ACA	without_pp	0.0	0.9161168708765315	0.35714292526245117
217	sub_18	R-ACA	without_pp	1.0	0.8385241974125539	0.4999990463256836
218	sub_19	R-ACA	without_pp	0.0	0.9101516919486581	0.3571434020996094
219	sub_20	R-ACA	without_pp	1.0	0.8221307727480567	1.8087014615535728
220	sub_1	R-ICA	without_pp	1.0	0.9682044166955718	0.3571427822113037
221	sub_2	R-ICA	without_pp	0.0	0.7996906419180201	1.235114711523056
222	sub_3	R-ICA	without_pp	0.0	0.955855674259222	0.35714292526245117
223	sub_4	R-ICA	without_pp	0.0	0.9696565925746472	0.35714292526245117
224	sub_5	R-ICA	without_pp	0.0	0.9037413730475845	0.7142856121063232
225	sub_6	R-ICA	without_pp	0.0	0.9521586931155193	0.35714292526245117
226	sub_7	R-ICA	without_pp	0.0	0.9275183008557584	0.3571434020996094
227	sub_8	R-ICA	without_pp	0.0	0.926574829477063	0.3571434020996094
228	sub_9	R-ICA	without_pp	0.0	0.9683574879227053	0.35714244842529297
229	sub_10	R-ICA	without_pp	1.0	0.9404538474663027	0.5050760507583618
230	sub_11	R-ICA	without_pp	0.0	0.9454291695743196	0.4999971389770508
231	sub_12	R-ICA	without_pp	0.0	0.90856763338499	0.3571434020996094
232	sub_13	R-ICA	without_pp	0.0	0.8793820558526441	1.5135457515716553
233	sub_14	R-ICA	without_pp	0.0	0.9444683598794662	0.3571434020996094
234	sub_15	R-ICA	without_pp	1.0	0.9327846364883402	0.3571434020996094
235	sub_16	R-ICA	without_pp	0.0	0.9015242336016441	0.5000028014183044
236	sub_17	R-ICA	without_pp	0.0	0.9242384338512861	0.4999997317790985
237	sub_18	R-ICA	without_pp	0.0	0.9005847953216375	0.35714292526245117
238	sub_19	R-ICA	without_pp	0.0	0.9401280980228349	0.35714292526245117
239	sub_20	R-ICA	without_pp	0.0	0.9498319274433945	0.6144509315490723
240	sub_1	R-MCA	without_pp	0.0	0.9011943539630837	0.4999980926513672
241	sub_2	R-MCA	without_pp	0.0	0.5946547884187083	0.8718958497047424
242	sub_3	R-MCA	without_pp	0.0	0.9046369203849519	0.3571434020996094
243	sub_4	R-MCA	without_pp	0.0	0.928679817905918	0.35714292526245117
244	sub_5	R-MCA	without_pp	0.0	0.6849593495934959	1.2351162433624268
245	sub_6	R-MCA	without_pp	0.0	0.9044585987261146	0.5050760507583618
246	sub_7	R-MCA	without_pp	0.0	0.7599364069952306	1.0714287757873535
247	sub_8	R-MCA	without_pp	0.0	0.8468244084682441	0.7142858505249023
248	sub_9	R-MCA	without_pp	0.0	0.8973305954825462	0.5050767064094543
249	sub_10	R-MCA	without_pp	0.0	0.7590847913862718	1.1293848752975464
250	sub_11	R-MCA	without_pp	0.0	0.8905380333951763	0.5050763487815857
251	sub_12	R-MCA	without_pp	0.0	0.7669724770642202	0.7985958456993103
252	sub_13	R-MCA	without_pp	0.0	0.7308730873087309	2.142857074737549
253	sub_14	R-MCA	without_pp	1.0	0.8690095846645367	0.5050763487815857
254	sub_15	R-MCA	without_pp	0.0	0.755336617405583	0.8718973964452743
255	sub_16	R-MCA	without_pp	0.0	0.8585657370517928	0.5050763785839081
256	sub_17	R-MCA	without_pp	0.0	0.9121725731895223	0.35714292526245117
257	sub_18	R-MCA	without_pp	0.0	0.8043478260869564	0.5050765186548233
258	sub_19	R-MCA	without_pp	0.0	0.7976878612716763	0.7985960245132446
259	sub_20	R-MCA	without_pp	0.0	0.9451395572666025	0.35714268684387207
260	sub_1	R-PCA	without_pp	0.0	0.9322936477748193	0.4999980926513672
261	sub_2	R-PCA	without_pp	1.0	0.198394495412844	5.669017791748047
262	sub_3	R-PCA	without_pp	0.0	0.9250398724082934	0.3571434020996094
263	sub_4	R-PCA	without_pp	0.0	0.9336016096579477	0.3571434020996094
264	sub_5	R-PCA	without_pp	0.0	0.9042709867452137	0.3571434020996094
265	sub_6	R-PCA	without_pp	0.0	0.9148846960167715	0.4999986171722412
266	sub_7	R-PCA	without_pp	0.0	0.8858988159311088	0.3571434020996094
267	sub_8	R-PCA	without_pp	0.0	0.923076923076923	0.3571434020996094
268	sub_9	R-PCA	without_pp	0.0	0.9461713419257013	0.3571434020996094
269	sub_10	R-PCA	without_pp	2.0	0.7965200579990334	2.8813706636428833
270	sub_11	R-PCA	without_pp	1.0	0.66030230708035	3.0527507781982406
271	sub_12	R-PCA	without_pp	0.0	0.8910081743869209	0.7107028603553772
272	sub_13	R-PCA	without_pp	0.0	0.8592400690846287	0.5000028610229492
273	sub_14	R-PCA	without_pp	0.0	0.9189974573192881	0.3571434020996094
274	sub_15	R-PCA	without_pp	0.0	0.8818831441782261	0.3571434020996094
275	sub_16	R-PCA	without_pp	0.0	0.8912931478619269	0.5000028610229492
276	sub_17	R-PCA	without_pp	0.0	0.6579881656804732	4.941621923446655
277	sub_18	R-PCA	without_pp	0.0	0.9211943220753793	0.3571434020996094
278	sub_19	R-PCA	without_pp	0.0	0.9025844930417496	0.5000004768371582
279	sub_20	R-PCA	without_pp	0.0	0.9022447501810282	0.3571434020996094
280	sub_1	R-Pcom	without_pp	1.0	0.0	90.0
281	sub_2	R-Pcom	without_pp	1.0	0.0	90.0
282	sub_3	R-Pcom	without_pp	0.0	0.9193548387096774	0.3571434020996094
283	sub_4	R-Pcom	without_pp			
284	sub_5	R-Pcom	without_pp	0.0	0.5145228215767635	7.127425885200501
285	sub_6	R-Pcom	without_pp	0.0	0.8995633187772926	0.6144508123397827
286	sub_7	R-Pcom	without_pp			
287	sub_8	R-Pcom	without_pp	1.0	0.0	90.0
288	sub_9	R-Pcom	without_pp			
289	sub_10	R-Pcom	without_pp	5.0	0.0	90.0
290	sub_11	R-Pcom	without_pp	0.0	0.7139084507042253	3.8138920307159423
291	sub_12	R-Pcom	without_pp	1.0	0.7492063492063492	2.0775747299194336
292	sub_13	R-Pcom	without_pp	0.0	0.919629057187017	0.5000028610229492
293	sub_14	R-Pcom	without_pp	0.0	0.8863833477883781	0.4999990463256836
294	sub_15	R-Pcom	without_pp			
295	sub_16	R-Pcom	without_pp	1.0	0.74	0.5488279700279242
296	sub_17	R-Pcom	without_pp	0.0	0.8819951338199513	0.4999995231628418
297	sub_18	R-Pcom	without_pp			
298	sub_19	R-Pcom	without_pp	0.0	0.914093206064009	0.3571434020996094
299	sub_20	R-Pcom	without_pp	0.0	0.8986866791744841	0.3571434020996094
300	sub_1	3rd-A2	with_pp			
301	sub_2	3rd-A2	with_pp			
302	sub_3	3rd-A2	with_pp			
303	sub_4	3rd-A2	with_pp			
304	sub_5	3rd-A2	with_pp			
305	sub_6	3rd-A2	with_pp			
306	sub_7	3rd-A2	with_pp			
307	sub_8	3rd-A2	with_pp			
308	sub_9	3rd-A2	with_pp			
309	sub_10	3rd-A2	with_pp			
310	sub_11	3rd-A2	with_pp			
311	sub_12	3rd-A2	with_pp	1.0	0.0	90.0
312	sub_13	3rd-A2	with_pp			
313	sub_14	3rd-A2	with_pp			
314	sub_15	3rd-A2	with_pp			
315	sub_16	3rd-A2	with_pp			
316	sub_17	3rd-A2	with_pp			
317	sub_18	3rd-A2	with_pp			
318	sub_19	3rd-A2	with_pp			
319	sub_20	3rd-A2	with_pp	0.0	0.92573402417962	0.35714292526245117
320	sub_1	Acom	with_pp	0.0	0.8973913043478261	0.3571434020996094
321	sub_2	Acom	with_pp	0.0	0.63	0.7107041716575623
322	sub_3	Acom	with_pp	0.0	0.7353629976580797	1.1271251440048218
323	sub_4	Acom	with_pp	0.0	0.6238532110091742	1.0714282989501953
324	sub_5	Acom	with_pp	0.0	0.6012269938650306	1.5150603890419005
325	sub_6	Acom	with_pp	1.0	0.0	90.0
326	sub_7	Acom	with_pp			
327	sub_8	Acom	with_pp	0.0	0.8070739549839228	0.5000004768371582
328	sub_9	Acom	with_pp	0.0	0.8133802816901409	0.5050760895013809
329	sub_10	Acom	with_pp	1.0	0.0	90.0
330	sub_11	Acom	with_pp	0.0	0.6470588235294118	0.7142853736877441
331	sub_12	Acom	with_pp	0.0	0.8153618906942393	0.3571434020996094
332	sub_13	Acom	with_pp	0.0	0.8402061855670103	0.3571434020996094
333	sub_14	Acom	with_pp	0.0	0.8607594936708861	0.44285631179809487
334	sub_15	Acom	with_pp	0.0	0.38095238095238093	1.8499422669410706
335	sub_16	Acom	with_pp	0.0	0.7869674185463659	0.5000028610229492
336	sub_17	Acom	with_pp	0.0	0.7499999999999999	0.6035140156745902
337	sub_18	Acom	with_pp	0.0	0.7216494845360826	0.40152328610420185
338	sub_19	Acom	with_pp	0.0	0.2553191489361702	1.413401269912719
339	sub_20	Acom	with_pp	0.0	0.3672131147540984	1.515228509902954
340	sub_1	BA	with_pp	0.0	0.9558323895809739	0.3571434020996094
341	sub_2	BA	with_pp	1.0	0.0	90.0
342	sub_3	BA	with_pp	0.0	0.9337375487223907	0.5000038146972656
343	sub_4	BA	with_pp	0.0	0.9622341195196064	0.3571434020996094
344	sub_5	BA	with_pp	0.0	0.8913827655310621	0.8718972206115723
345	sub_6	BA	with_pp	0.0	0.9260869565217391	0.3571434020996094
346	sub_7	BA	with_pp	0.0	0.8483896307934015	0.3571434020996094
347	sub_8	BA	with_pp	0.0	0.937799043062201	0.3571434020996094
348	sub_9	BA	with_pp	0.0	0.9566143199361192	0.3571434020996094
349	sub_10	BA	with_pp	0.0	0.9626168224299065	0.3571434020996094
350	sub_11	BA	with_pp	0.0	0.9171901770416906	0.7142848968505859
351	sub_12	BA	with_pp	0.0	0.9286558927867561	0.3571434020996094
352	sub_13	BA	with_pp	0.0	0.9058295964125561	0.3571434020996094
353	sub_14	BA	with_pp	0.0	0.9707486365889936	0.35714149475097656
354	sub_15	BA	with_pp	0.0	0.8991217659624969	0.3571434020996094
355	sub_16	BA	with_pp	0.0	0.8988030467899891	0.505077064037323
356	sub_17	BA	with_pp	0.0	0.8354712771890686	2.0775777101516724
357	sub_18	BA	with_pp	0.0	0.8954650269023828	0.3571434020996094
358	sub_19	BA	with_pp	0.0	0.9543973941368078	0.3571434020996094
359	sub_20	BA	with_pp	0.0	0.9271356783919599	0.5
360	sub_1	ClsAvgB0err	with_pp	0.3333333333333333	0.7682322687570138	15.83390649507443
361	sub_2	ClsAvgB0err	with_pp	0.2727272727272727	0.6031331424578104	18.370449022271416
362	sub_3	ClsAvgB0err	with_pp	0.08333333333333333	0.8274046365918492	8.265266587336859
363	sub_4	ClsAvgB0err	with_pp	0.18181818181818182	0.8308577132235204	8.597402442585338
364	sub_5	ClsAvgB0err	with_pp	0.0	0.7965569923070249	1.3277738908926635
365	sub_6	ClsAvgB0err	with_pp	0.18181818181818182	0.8031697059001104	9.43166289437901
366	sub_7	ClsAvgB0err	with_pp	0.1111111111111111	0.8337312329477243	0.6218659189012316
367	sub_8	ClsAvgB0err	with_pp	0.16666666666666666	0.7756150938087467	8.311009990175565
368	sub_9	ClsAvgB0err	with_pp	0.0	0.9182624687948773	0.42623826503753665
369	sub_10	ClsAvgB0err	with_pp	0.2727272727272727	0.6543026169734593	18.868235778808593
370	sub_11	ClsAvgB0err	with_pp	0.0	0.8567249230879233	0.996210289001465
371	sub_12	ClsAvgB0err	with_pp	0.23076923076923078	0.7166544433100068	8.577356353631385
372	sub_13	ClsAvgB0err	with_pp	0.08333333333333333	0.7946140575474271	8.13613460958004
373	sub_14	ClsAvgB0err	with_pp	0.0	0.9228323204199929	0.4061517305672168
374	sub_15	ClsAvgB0err	with_pp	0.09090909090909091	0.7379366314621879	1.1929901128465477
375	sub_16	ClsAvgB0err	with_pp	0.0	0.8260294117783246	1.1065260867277782
376	sub_17	ClsAvgB0err	with_pp	0.08333333333333333	0.8477571399444006	1.5346818854411441
377	sub_18	ClsAvgB0err	with_pp	0.1	0.8412180609110166	0.7957770806550979
378	sub_19	ClsAvgB0err	with_pp	0.09090909090909091	0.8356044014328714	0.5760072117502036
379	sub_20	ClsAvgB0err	with_pp	0.07692307692307693	0.8718476752006924	0.6090689255641057
380	sub_1	L-ACA	with_pp	0.0	0.8909975669099757	3.8222225308418274
381	sub_2	L-ACA	with_pp	0.0	0.7690079652425779	0.6144500374794006
382	sub_3	L-ACA	with_pp	0.0	0.9504084014002334	0.35714292526245117
383	sub_4	L-ACA	with_pp	1.0	0.9348286077020737	0.3571434020996094
384	sub_5	L-ACA	with_pp	0.0	0.8338797814207649	0.7142848968505859
385	sub_6	L-ACA	with_pp	1.0	0.8339113680154143	4.098246312141422
386	sub_7	L-ACA	with_pp	0.0	0.7852062588904695	0.5000066757202148
387	sub_8	L-ACA	with_pp	0.0	0.885147977192506	0.5
388	sub_9	L-ACA	with_pp	0.0	0.9227594339622641	0.4999980926513672
389	sub_10	L-ACA	with_pp	0.0	0.7567798419816357	6.165667533874512
390	sub_11	L-ACA	with_pp	0.0	0.9084928229665072	0.3571434020996094
391	sub_12	L-ACA	with_pp	0.0	0.5705345501955671	5.517132663726807
392	sub_13	L-ACA	with_pp	0.0	0.9302956333062109	0.3571434020996094
393	sub_14	L-ACA	with_pp	0.0	0.9425117197137923	0.3571434020996094
394	sub_15	L-ACA	with_pp	0.0	0.7349926793557833	0.7985950112342834
395	sub_16	L-ACA	with_pp	0.0	0.8231511254019294	0.5000028610229492
396	sub_17	L-ACA	with_pp	0.0	0.951219512195122	0.35714268684387207
397	sub_18	L-ACA	with_pp	1.0	0.8236252545824847	2.0316333770751953
398	sub_19	L-ACA	with_pp	0.0	0.8896247240618101	0.5000004768371582
399	sub_20	L-ACA	with_pp	0.0	0.8665860540104796	0.8718961477279663
400	sub_1	L-ICA	with_pp	1.0	0.9394915254237288	0.4999980330467224
401	sub_2	L-ICA	with_pp	1.0	0.8106136461164354	7.385573768615726
402	sub_3	L-ICA	with_pp	0.0	0.9693330473943813	0.35714244842529297
403	sub_4	L-ICA	with_pp	0.0	0.977304596208777	0.35714244842529297
404	sub_5	L-ICA	with_pp	0.0	0.9172843166320783	0.3571434020996094
405	sub_6	L-ICA	with_pp	0.0	0.9235487404162103	1.5929838538169803
406	sub_7	L-ICA	with_pp	0.0	0.9159271795810082	0.3571434020996094
407	sub_8	L-ICA	with_pp	1.0	0.8916910605719431	0.5050766170024872
408	sub_9	L-ICA	with_pp	0.0	0.95722459358823	0.3571434020996094
409	sub_10	L-ICA	with_pp	0.0	0.9563417388031615	0.3571434020996094
410	sub_11	L-ICA	with_pp	0.0	0.9698790655750018	0.3571434020996094
411	sub_12	L-ICA	with_pp	1.0	0.8510843373493976	1.4998981952667216
412	sub_13	L-ICA	with_pp	0.0	0.9549350290295825	0.3571434020996094
413	sub_14	L-ICA	with_pp	0.0	0.9560057887120116	0.3571434020996094
414	sub_15	L-ICA	with_pp	0.0	0.882326215356656	1.1278004884719843
415	sub_16	L-ICA	with_pp	0.0	0.884526558891455	0.5000028610229492
416	sub_17	L-ICA	with_pp	1.0	0.9788415616149275	0.35714244842529297
417	sub_18	L-ICA	with_pp	0.0	0.8981549815498155	0.3571434020996094
418	sub_19	L-ICA	with_pp	1.0	0.9461645746164575	0.35714292526245117
419	sub_20	L-ICA	with_pp	1.0	0.9617724507400346	0.3571434020996094
420	sub_1	L-MCA	with_pp	0.0	0.8874418604651163	0.7142829895019531
421	sub_2	L-MCA	with_pp	0.0	0.767466110531804	0.7142829895019531
422	sub_3	L-MCA	with_pp	0.0	0.90199203187251	0.5000038146972656
423	sub_4	L-MCA	with_pp	0.0	0.9554419284149014	0.3571434020996094
424	sub_5	L-MCA	with_pp	0.0	0.7931526390870186	0.6144514679908752
425	sub_6	L-MCA	with_pp	0.0	0.8531951640759932	0.7142868041992188
426	sub_7	L-MCA	with_pp	0.0	0.8336842105263159	0.5000058174133301
427	sub_8	L-MCA	with_pp	0.0	0.8595890410958904	0.5
428	sub_9	L-MCA	with_pp	0.0	0.9082007343941247	0.4999980926513672
429	sub_10	L-MCA	with_pp	0.0	0.8673621460506706	0.7107078433036804
430	sub_11	L-MCA	with_pp	0.0	0.9096126255380201	0.3571434020996094
431	sub_12	L-MCA	with_pp	0.0	0.7234042553191489	3.081760203838348
432	sub_13	L-MCA	with_pp	0.0	0.8804500703234881	0.5050763487815857
433	sub_14	L-MCA	with_pp	0.0	0.8491620111731844	0.7116003483533859
434	sub_15	L-MCA	with_pp	0.0	0.8058608058608058	0.5000019073486328
435	sub_16	L-MCA	with_pp	0.0	0.810281517747858	0.505077064037323
436	sub_17	L-MCA	with_pp	0.0	0.9195046439628484	0.3571434020996094
437	sub_18	L-MCA	with_pp	0.0	0.8766233766233766	0.4999985694885254
438	sub_19	L-MCA	with_pp	0.0	0.7630057803468209	0.7142868041992188
439	sub_20	L-MCA	with_pp	0.0	0.9318181818181819	0.3571434020996094
440	sub_1	L-PCA	with_pp	0.0	0.9560574948665298	0.3571434020996094
441	sub_2	L-PCA	with_pp	0.0	0.4158508158508159	5.931840038299559
442	sub_3	L-PCA	with_pp	0.0	0.735173223722842	4.556066751480099
443	sub_4	L-PCA	with_pp	0.0	0.9138251704897706	0.4999990463256836
444	sub_5	L-PCA	with_pp	0.0	0.7952468007312615	1.5827565908432006
445	sub_6	L-PCA	with_pp	0.0	0.8440445586975149	2.498967218399045
446	sub_7	L-PCA	with_pp	0.0	0.8262548262548263	0.5000057220458984
447	sub_8	L-PCA	with_pp	0.0	0.8674698795180723	3.381680965423584
448	sub_9	L-PCA	with_pp	0.0	0.9350736278447123	0.3571434020996094
449	sub_10	L-PCA	with_pp	0.0	0.9378673383711167	0.3571434020996094
450	sub_11	L-PCA	with_pp	0.0	0.923728813559322	0.4999961853027344
451	sub_12	L-PCA	with_pp	0.0	0.7316628701594533	4.329537487030029
452	sub_13	L-PCA	with_pp	0.0	0.8192197906755471	0.5000028610229492
453	sub_14	L-PCA	with_pp	0.0	0.9398645957785743	0.3571434020996094
454	sub_15	L-PCA	with_pp	0.0	0.6152416356877324	2.636861276626586
455	sub_16	L-PCA	with_pp	0.0	0.8450909090909091	0.5000028610229492
456	sub_17	L-PCA	with_pp	0.0	0.37402597402597404	7.744632720947264
457	sub_18	L-PCA	with_pp	0.0	0.9027263547627062	0.3571434020996094
458	sub_19	L-PCA	with_pp	0.0	0.9415749364944962	0.3571434020996094
459	sub_20	L-PCA	with_pp	0.0	0.9213720316622691	0.3571434020996094
460	sub_1	L-Pcom	with_pp	1.0	0.0	90.0
461	sub_2	L-Pcom	with_pp			
462	sub_3	L-Pcom	with_pp	1.0	0.0	90.0
463	sub_4	L-Pcom	with_pp	1.0	0.0	90.0
464	sub_5	L-Pcom	with_pp	0.0	0.8183060109289618	0.7429451465606579
465	sub_6	L-Pcom	with_pp			
466	sub_7	L-Pcom	with_pp			
467	sub_8	L-Pcom	with_pp	0.0	0.5797101449275363	1.9167891681194273
468	sub_9	L-Pcom	with_pp			
469	sub_10	L-Pcom	with_pp			
470	sub_11	L-Pcom	with_pp	0.0	0.8966725043782837	0.40714187622070636
471	sub_12	L-Pcom	with_pp	0.0	0.8098693759071117	0.3571434020996094
472	sub_13	L-Pcom	with_pp	1.0	0.0	90.0
473	sub_14	L-Pcom	with_pp	0.0	0.9292088042831648	0.3571434020996094
474	sub_15	L-Pcom	with_pp	0.0	0.5642737896494157	3.4387405037879923
475	sub_16	L-Pcom	with_pp	0.0	0.7696335078534032	5.012767314910889
476	sub_17	L-Pcom	with_pp	0.0	0.8803763440860215	1.124400043487549
477	sub_18	L-Pcom	with_pp			
478	sub_19	L-Pcom	with_pp			
479	sub_20	L-Pcom	with_pp	0.0	0.8746465598491988	0.3571434020996094
480	sub_1	MergedBin	with_pp	2.0	0.9521505454229382	0.3571434020996094
481	sub_2	MergedBin	with_pp	1.0	0.8523510694714513	0.4999985694885254
482	sub_3	MergedBin	with_pp	0.0	0.9349925335988053	2.332125186920166
483	sub_4	MergedBin	with_pp	1.0	0.9689252594827722	0.35714244842529297
484	sub_5	MergedBin	with_pp	0.0	0.89979927995667	0.5000019073486328
485	sub_6	MergedBin	with_pp	1.0	0.9292149292149292	0.6144505739212036
486	sub_7	MergedBin	with_pp	1.0	0.8932181232662691	0.5000057220458984
487	sub_8	MergedBin	with_pp	1.0	0.8971784776902887	0.5000004768371582
488	sub_9	MergedBin	with_pp	0.0	0.9544494443934245	0.3571434020996094
489	sub_10	MergedBin	with_pp	1.0	0.9447027401325552	0.3571434020996094
490	sub_11	MergedBin	with_pp	0.0	0.9609022556390978	0.35714292526245117
491	sub_12	MergedBin	with_pp	0.0	0.8502758331451432	2.8873299956321716
492	sub_13	MergedBin	with_pp	0.0	0.9236727589208006	0.3571434020996094
493	sub_14	MergedBin	with_pp	0.0	0.9628269848554383	0.3571428060531616
494	sub_15	MergedBin	with_pp	2.0	0.8777518345563708	0.5000014305114746
495	sub_16	MergedBin	with_pp	1.0	0.8739049000060419	0.5000028610229492
496	sub_17	MergedBin	with_pp	1.0	0.9674493998072373	0.35714268684387207
497	sub_18	MergedBin	with_pp	0.0	0.883193049144719	0.4999990463256836
498	sub_19	MergedBin	with_pp	1.0	0.9500023385248586	0.357143235206604
499	sub_20	MergedBin	with_pp	0.0	0.9562313485860452	0.3571434020996094
500	sub_1	R-ACA	with_pp	0.0	0.9115468409586057	2.536726546287523
501	sub_2	R-ACA	with_pp	0.0	0.8609891717881182	0.3571434020996094
502	sub_3	R-ACA	with_pp	0.0	0.9273021001615508	0.3571434020996094
503	sub_4	R-ACA	with_pp	0.0	0.9132366005330175	0.4999990463256836
504	sub_5	R-ACA	with_pp	0.0	0.8113858539390454	1.0618658065795898
505	sub_6	R-ACA	with_pp	0.0	0.8145001416029454	2.6244471788406374
506	sub_7	R-ACA	with_pp	0.0	0.819305943358596	0.5000057220458984
507	sub_8	R-ACA	with_pp	0.0	0.8652751423149906	0.5
508	sub_9	R-ACA	with_pp	0.0	0.9272267490868222	0.3571434020996094
509	sub_10	R-ACA	with_pp	0.0	0.32604209657449446	8.288486576080322
510	sub_11	R-ACA	with_pp	0.0	0.9282723974323192	0.35714292526245117
511	sub_12	R-ACA	with_pp	0.0	0.8537383177570093	0.4999971389770508
512	sub_13	R-ACA	with_pp	0.0	0.8870056497175142	0.6144543886184692
513	sub_14	R-ACA	with_pp	0.0	0.9447280799112099	0.35714292526245117
514	sub_15	R-ACA	with_pp	0.0	0.7820876695048882	0.6144530653953553
515	sub_16	R-ACA	with_pp	0.0	0.8352227788030583	0.5000028610229492
516	sub_17	R-ACA	with_pp	0.0	0.9127686472819216	0.3571434020996094
517	sub_18	R-ACA	with_pp	0.0	0.7610389610389612	2.624447989463806
518	sub_19	R-ACA	with_pp	0.0	0.9035647279549718	0.5
519	sub_20	R-ACA	with_pp	0.0	0.8495499357051007	1.6736255884170532
520	sub_1	R-ICA	with_pp	1.0	0.9654975762760193	0.35714292526245117
521	sub_2	R-ICA	with_pp	0.0	0.8928342245989305	0.49999818205833435
522	sub_3	R-ICA	with_pp	0.0	0.9683981828955165	0.35714244842529297
523	sub_4	R-ICA	with_pp	0.0	0.9747759510950205	0.35714244842529297
524	sub_5	R-ICA	with_pp	0.0	0.895882035605107	0.7142856121063232
525	sub_6	R-ICA	with_pp	0.0	0.9443579215630752	0.35714292526245117
526	sub_7	R-ICA	with_pp	0.0	0.912568306010929	0.3571434020996094
527	sub_8	R-ICA	with_pp	0.0	0.9046009877826877	0.5
528	sub_9	R-ICA	with_pp	0.0	0.9506652537383727	0.35714268684387207
529	sub_10	R-ICA	with_pp	1.0	0.8333581091125316	7.10130338668823
530	sub_11	R-ICA	with_pp	0.0	0.9463945578231293	0.5050767064094543
531	sub_12	R-ICA	with_pp	1.0	0.8530510585305107	0.8499051928520069
532	sub_13	R-ICA	with_pp	0.0	0.8768472906403941	1.5135455131530762
533	sub_14	R-ICA	with_pp	0.0	0.9600417318727178	0.35714292526245117
534	sub_15	R-ICA	with_pp	1.0	0.9094091174264523	0.3571434020996094
535	sub_16	R-ICA	with_pp	0.0	0.8825396825396825	0.5000028610229492
536	sub_17	R-ICA	with_pp	0.0	0.9758342922899885	0.35714244842529297
537	sub_18	R-ICA	with_pp	0.0	0.8867924528301886	0.35714292526245117
538	sub_19	R-ICA	with_pp	0.0	0.940952380952381	0.35714292526245117
539	sub_20	R-ICA	with_pp	0.0	0.9678237247207969	0.35714292526245117
540	sub_1	R-MCA	with_pp	0.0	0.890382626680455	0.5050766170024872
541	sub_2	R-MCA	with_pp	0.0	0.851027397260274	0.4999980926513672
542	sub_3	R-MCA	with_pp	0.0	0.9294117647058824	0.35714292526245117
543	sub_4	R-MCA	with_pp	0.0	0.9348148148148149	0.35714292526245117
544	sub_5	R-MCA	with_pp	0.0	0.6699801192842942	1.2692938327789294
545	sub_6	R-MCA	with_pp	0.0	0.9119047619047619	0.5050760507583618
546	sub_7	R-MCA	with_pp	1.0	0.7065693430656934	2.025333404541016
547	sub_8	R-MCA	with_pp	0.0	0.8066429418742586	0.7142858505249023
548	sub_9	R-MCA	with_pp	0.0	0.8733205374280231	0.614450678229332
549	sub_10	R-MCA	with_pp	0.0	0.7576158940397352	1.1293848752975464
550	sub_11	R-MCA	with_pp	0.0	0.8892763731473409	0.5050763487815857
551	sub_12	R-MCA	with_pp	0.0	0.7106598984771574	0.9422059059143066
552	sub_13	R-MCA	with_pp	0.0	0.7201336675020886	2.214815378189087
553	sub_14	R-MCA	with_pp	0.0	0.8662613981762918	0.5050763487815857
554	sub_15	R-MCA	with_pp	0.0	0.7087827426810477	0.9422080099582673
555	sub_16	R-MCA	with_pp	0.0	0.8086303939962476	0.6144541501998901
556	sub_17	R-MCA	with_pp	0.0	0.8951841359773371	0.3571434020996094
557	sub_18	R-MCA	with_pp	0.0	0.7512690355329951	0.6144510507583618
558	sub_19	R-MCA	with_pp	0.0	0.7743119266055046	0.9175990283489212
559	sub_20	R-MCA	with_pp	0.0	0.9380203515263644	0.35714292526245117
560	sub_1	R-PCA	with_pp	0.0	0.9241480395749359	0.4999980926513672
561	sub_2	R-PCA	with_pp	0.0	0.636675235646958	5.36094856262207
562	sub_3	R-PCA	with_pp	0.0	0.9500254971953085	0.35714292526245117
563	sub_4	R-PCA	with_pp	0.0	0.9491198456715698	0.35714244842529297
564	sub_5	R-PCA	with_pp	0.0	0.8834745762711864	0.5000019073486328
565	sub_6	R-PCA	with_pp	0.0	0.8916504854368932	0.4999990463256836
566	sub_7	R-PCA	with_pp	0.0	0.8556753980482793	0.5000057220458984
567	sub_8	R-PCA	with_pp	0.0	0.9023809523809524	0.3571434020996094
568	sub_9	R-PCA	with_pp	0.0	0.9381591562799616	0.3571434020996094
569	sub_10	R-PCA	with_pp	0.0	0.7993447993447993	3.083613145351407
570	sub_11	R-PCA	with_pp	0.0	0.6724137931034482	3.1074255943298335
571	sub_12	R-PCA	with_pp	0.0	0.8435897435897436	0.9422047913074494
572	sub_13	R-PCA	with_pp	0.0	0.8170282439623414	0.5000038146972656
573	sub_14	R-PCA	with_pp	0.0	0.9385665529010239	0.3571434020996094
574	sub_15	R-PCA	with_pp	0.0	0.8342541436464088	0.5000019073486328
575	sub_16	R-PCA	with_pp	0.0	0.8328121241279769	1.5962336301803586
576	sub_17	R-PCA	with_pp	0.0	0.7694687983496649	4.366056942939757
577	sub_18	R-PCA	with_pp	0.0	0.8948356807511737	0.3571434020996094
578	sub_19	R-PCA	with_pp	0.0	0.9034307496823379	0.5050756931304932
579	sub_20	R-PCA	with_pp	0.0	0.9045698924731183	0.3571434020996094
580	sub_1	R-Pcom	with_pp	1.0	0.0	90.0
581	sub_2	R-Pcom	with_pp	1.0	0.0	90.0
582	sub_3	R-Pcom	with_pp	0.0	0.927710843373494	0.35714244842529297
583	sub_4	R-Pcom	with_pp			
584	sub_5	R-Pcom	with_pp	0.0	0.6474820143884892	5.989300417900085
585	sub_6	R-Pcom	with_pp	0.0	0.8916666666666667	0.4999990463256836
586	sub_7	R-Pcom	with_pp			
587	sub_8	R-Pcom	with_pp	1.0	0.0	90.0
588	sub_9	R-Pcom	with_pp			
589	sub_10	R-Pcom	with_pp	1.0	0.0	90.0
590	sub_11	R-Pcom	with_pp	0.0	0.6717071229606049	4.072663354873657
591	sub_12	R-Pcom	with_pp	0.0	0.6248955722639933	2.771560811996459
592	sub_13	R-Pcom	with_pp	0.0	0.9034175334323923	0.3571434020996094
593	sub_14	R-Pcom	with_pp	0.0	0.9161290322580644	0.3571434020996094
594	sub_15	R-Pcom	with_pp			
595	sub_16	R-Pcom	with_pp	0.0	0.7346938775510204	2.044686651229859
596	sub_17	R-Pcom	with_pp	0.0	0.9303904923599321	0.3571434020996094
597	sub_18	R-Pcom	with_pp			
598	sub_19	R-Pcom	with_pp	0.0	0.9193020719738277	0.3571434020996094
599	sub_20	R-Pcom	with_pp	0.0	0.8977777777777779	0.5
